<?xml version="1.0" encoding="UTF-8"?>
<config xmlns="http://www.knime.org/2008/09/XMLConfig" xmlns:xsi="http://www.w3.org/2001/XMLSchema-instance" xsi:schemaLocation="http://www.knime.org/2008/09/XMLConfig http://www.knime.org/XMLConfig_2008_09.xsd" key="model.xml">
    <entry key="version" type="xint" value="1"/>
    <entry key="class_name" type="xstring" value="org.knime.filehandling.core.port.FileSystemPortObjectSpec"/>
    <config key="model">
        <entry key="fileSystemName" type="xstring" value="ftp"/>
        <entry key="fileSystemId" type="xstring" value="96fa8f20-b344-409c-9e74-d36ba8fbbf6b"/>
        <config key="fsLocationSpec">
            <entry key="fs_category" type="xstring" value="CONNECTED"/>
            <entry key="fs_specifier" type="xstring" value="ftp:185.27.134.11"/>
        </config>
    </config>
</config>
